Ref,Val,Package,PosX,PosY,Rot,Side
"C1","100nF","C_0402_1005Metric",151.140000,-105.690000,-90.000000,top
"C2","10uF","C_0603_1608Metric",148.860000,-108.670000,0.000000,top
"C3","10uF","C_0603_1608Metric",145.840000,-108.670000,180.000000,top
"C4","10uF","C_0603_1608Metric",148.580000,-98.820000,90.000000,top
"C5","1uF","C_0603_1608Metric",147.010000,-98.820000,90.000000,top
"C6","1uF","C_0603_1608Metric",144.880000,-98.820000,90.000000,top
"C7","4.7uF","C_0402_1005Metric",140.440000,-105.940000,90.000000,top
"C8","10uF","C_0603_1608Metric",150.370000,-110.930000,90.000000,top
"C9","4.7uF","C_0402_1005Metric",160.260000,-100.390000,90.000000,top
"C10","4.7uF","C_0402_1005Metric",140.440000,-107.760000,-90.000000,top
"C11","2.2uF","C_0603_1608Metric",150.820000,-100.590000,0.000000,top
"C12","100nF","C_0402_1005Metric",160.210000,-109.620000,-90.000000,top
"C13","300pF","C_0402_1005Metric",128.790000,-111.855000,0.000000,top
"C14","300pF","C_0402_1005Metric",126.830000,-111.855000,180.000000,top
"C15","1uF","C_0402_1005Metric",139.070000,-111.690000,0.000000,top
"C16","100nF","C_0402_1005Metric",133.960000,-111.710000,180.000000,top
"C17","100nF","C_0402_1005Metric",135.390000,-104.400000,180.000000,top
"C18","12pF","C_0402_1005Metric",129.930000,-109.300000,-90.000000,top
"C19","100nF","C_0402_1005Metric",140.440000,-110.530000,-90.000000,top
"C20","12pF","C_0402_1005Metric",131.690000,-112.060000,0.000000,top
"C21","100pF","C_0402_1005Metric",132.300000,-107.740000,180.000000,top
"C22","1uF","C_0402_1005Metric",132.780000,-106.780000,180.000000,top
"C23","4.7uF","C_0402_1005Metric",139.400000,-104.570000,0.000000,top
"C24","100nF","C_0402_1005Metric",158.060000,-102.940000,90.000000,top
"C25","100nF","C_0402_1005Metric",153.710000,-101.810000,0.000000,top
"D1","LED_Small","LED_0603_1608Metric",164.850000,-111.650000,180.000000,top
"D3","LED_ARGB","LED_Wurth_150044M155260",142.880000,-104.980000,0.000000,top
"J3","USB_C_Receptacle_USB2.0_16P","USB_C_Receptacle_HRO_TYPE-C-31-M-12",121.360000,-104.980000,-90.000000,top
"J4","Conn_01x02_MountingPin","JST_PH_S2B-PH-SM4-TB_1x02-1MP_P2.00mm_Horizontal",136.880000,-98.458000,180.000000,top
"J5","Conn_01x04_MountingPin","JST_SH_SM04B-SRSS-TB_1x04-1MP_P1.00mm_Horizontal",127.990000,-96.633000,180.000000,top
"J6","Conn_01x05_MountingPin","CONN-SMD_5P-P0.50_HCTL_HC-FPC-05-09-5RLTAG",127.810000,-114.530000,0.000000,top
"L1","2.2uH","L_0603_1608Metric",148.860000,-110.930000,90.000000,top
"R1","100kR","R_0402_1005Metric",155.760000,-108.040000,0.000000,top
"R2","10kR","R_0402_1005Metric",127.103416,-100.845058,90.000000,top
"R3","10kR","R_0402_1005Metric",128.043416,-100.845058,90.000000,top
"R4","330kR","R_0402_1005Metric",151.200000,-102.290000,90.000000,top
"R5","10kR","R_0402_1005Metric",169.700000,-112.070000,180.000000,top
"R6","470R","R_0402_1005Metric",167.450000,-111.650000,0.000000,top
"R7","10kR","R_0402_1005Metric",169.700000,-111.130000,180.000000,top
"R8","100kR","R_0402_1005Metric",143.110000,-107.520000,-90.000000,top
"SW1","SW_Push","SW_Push_1P1T_NO_Vertical_Wuerth_434133025816",155.760000,-110.530000,180.000000,top
"SW2","SW_Push","SW_Push_1P1T_NO_Vertical_Wuerth_434133025816",155.760000,-99.430000,180.000000,top
"U1","BM15x","BM15x-LGA-45_15.8x10mm",169.120000,-104.980000,-90.000000,top
"U2","nPM1300-QEXX","QFN-32-1EP_5x5mm_P0.5mm_EP3.6x3.6mm_ThermalVias",147.580000,-104.460000,90.000000,top
"U3","TPD3E001DRLR","SOT-553",128.610000,-104.972500,0.000000,top
"U4","W25Q16JVUXIQ","Winbond_USON-8-1EP_3x2mm_P0.5mm_EP0.2x1.6mm",159.460000,-106.530000,-90.000000,top
"U5","nRF52833-QDXX","QFN-40-1EP_5x5mm_P0.4mm_EP3.6x3.6mm_ThermalVias",136.880000,-108.130000,180.000000,top
"U6","TXB0106RGY","Texas_RGY_R-PVQFN-N16_EP2.05x2.55mm",155.200000,-104.920000,0.000000,top
"Y1","32.768KHz","Crystal_SMD_3215-2Pin_3.2x1.5mm",161.090000,-98.230000,180.000000,top
"Y2","32MHz","Crystal_SMD_2016-4Pin_2.0x1.6mm",131.690000,-110.200000,-90.000000,top
