"Reference","Value","Footprint","Quantity","Populate","Standard Cost","Manufacturer","MPN","LCSC PN","Note"
"C1,C12,C16,C17,C19,C24,C25","100nF","Capacitor_SMD:C_0402_1005Metric","7","","","","","C307331",""
"C2,C3,C4,C8","10uF","Capacitor_SMD:C_0603_1608Metric","4","","","","","C96446",""
"C5,C6","1uF","Capacitor_SMD:C_0603_1608Metric","2","","","","","C15849",""
"C7,C9,C10,C23","4.7uF","Capacitor_SMD:C_0402_1005Metric","4","","","","","C23733",""
"C11","2.2uF","Capacitor_SMD:C_0603_1608Metric","1","","","","","C23630",""
"C13,C14","300pF","Capacitor_SMD:C_0402_1005Metric","2","","","","","C126505",""
"C15,C22","1uF","Capacitor_SMD:C_0402_1005Metric","2","","","","","C52923",""
"C18,C20","12pF","Capacitor_SMD:C_0402_1005Metric","2","","","","","C1547",""
"C21","100pF","Capacitor_SMD:C_0402_1005Metric","1","","","","","C1546",""
"D1","LED_Small","LED_SMD:LED_0603_1608Metric","1","","","","","C125103",""
"D3","LED_ARGB","LED_SMD:LED_Wurth_150044M155260","1","","","","","C404280",""
"J3","USB_C_Receptacle_USB2.0_16P","marbastlib-various:USB_C_Receptacle_HRO_TYPE-C-31-M-12","1","","","","","C165948",""
"J4","Conn_01x02_MountingPin","Connector_JST:JST_PH_S2B-PH-SM4-TB_1x02-1MP_P2.00mm_Horizontal","1","","","","","C295747",""
"J5","Conn_01x04_MountingPin","Connector_JST:JST_SH_SM04B-SRSS-TB_1x04-1MP_P1.00mm_Horizontal","1","","","","","C3029343",""
"J6","Conn_01x05_MountingPin","RoyalBlue54L-Feather-Connector_FFC-FPC:CONN-SMD_5P-P0.50_HCTL_HC-FPC-05-09-5RLTAG","1","","","","","C5213747",""
"L1","2.2uH","Inductor_SMD:L_0603_1608Metric","1","","","","","C337910",""
"R1,R8","100kR","Resistor_SMD:R_0402_1005Metric","2","","","","","C25741",""
"R4","330kR","Resistor_SMD:R_0402_1005Metric","1","","","","","C25778",""
"R5,R7","10kR","Resistor_SMD:R_0402_1005Metric","2","","","","","C25744",""
"R6","470R","Resistor_SMD:R_0402_1005Metric","1","","","","","C25117",""
"SW1,SW2","SW_Push","Button_Switch_SMD:SW_Push_1P1T_NO_Vertical_Wuerth_434133025816","2","","","","","C139797",""
"TP1,TP2,TP3","TestPoint","TestPoint:TestPoint_Pad_D2.0mm","3","DNP","","","","",""
"TP5,TP6,TP7,TP8,TP9,TP10,TP11,TP12","TestPoint","TestPoint:TestPoint_Pad_D1.5mm","8","DNP","","","","",""
"U1","BM15x","nordic-lib-kicad-nrf54-modules:BM15x-LGA-45_15.8x10mm","1","","","","","C9900148376",""
"U2","nPM1300-QEXX","Package_DFN_QFN:QFN-32-1EP_5x5mm_P0.5mm_EP3.6x3.6mm_ThermalVias","1","","","","","C7466043",""
"U3","TPD3E001DRLR","Package_TO_SOT_SMD:SOT-553","1","","","","","C2999113",""
"U4","W25Q16JVUXIQ","Package_SON:Winbond_USON-8-1EP_3x2mm_P0.5mm_EP0.2x1.6mm","1","","","","","C2843335",""
"U5","nRF52833-QDXX","Package_DFN_QFN:QFN-40-1EP_5x5mm_P0.4mm_EP3.6x3.6mm_ThermalVias","1","","","","","C2895249",""
"U6","TXB0106RGY","Package_DFN_QFN:Texas_RGY_R-PVQFN-N16_EP2.05x2.55mm","1","","","","","C2652978",""
"Y1","32.768KHz","Crystal:Crystal_SMD_3215-2Pin_3.2x1.5mm","1","","","","","C32346",""
"Y2","32MHz","Crystal:Crystal_SMD_2016-4Pin_2.0x1.6mm","1","","","","","C2682773",""
